ID;Producto;Precio;Categorias_propuestas;NumFotos;FotoPrincipal;TodasLasFotos;Problemas
1;Huchas Cajas Fuertes;€20.00;Especial primera comunión, Nuestros peques, Regalos únicos;4;huchas_caja_fuerte.jpg;huchas_caja_fuerte.jpg | huchas_caja_fuerte2.jpg | huchas_caja_fuerte3.jpg | huchas_caja_fuerte4.jpg;prefijo corregido
2;Rodaja de madera con foto;€35.00;Regalos con foto, Pasión por la madera;2;Rodaja_madera.jpg;Rodaja_madera.jpg | Rodaja_de_madera_con_foto_1.jpg;
3;Árbol de la Vida;€35.00;Pasión por la madera, Regalos únicos, Vivan los novios;1;arbol_madera.jpg;arbol_madera.jpg;
4;Villa De Madera;€50.00;Pasión por la madera, Regalos únicos, Novedades;2;villa_madera.jpg;villa_madera.jpg | villa_madera_2.jpg;
5;Cajas de vino (2 huecos);€45.00;Pasión por el vino;4;cajas_vino1.jpg;cajas_vino1.jpg | cajas_vino2.jpg | cajas_vino3.jpg | cajas_vino4.jpg;
6;Guitarra porta púas;€20.00;Regalos únicos, Pasión por la madera;2;guitarra1.jpg;guitarra1.jpg | guitarra2.jpg;
7;Porta cables;€8.00;Regalos únicos, Novedades;1;porta_cables.jpg;porta_cables.jpg;
8;Abanicos personalizados;€35.00;Regalos con foto, Regalos únicos;3;abanicos_1.jpg;abanicos_1.jpg | abanicos_2.jpg | abanicos_3.jpg;
9;Funkos de Madera;€37.00;Pasión por la madera, Regalos únicos, Novedades, Nuestros peques;3;funkos.jpg;funkos.jpg | funko2.jpg | funko3.jpg;prefijo corregido
10;Corazón de madera;€30.00;Pasión por la madera, Vivan los novios;2;corazon_madera.jpg;corazon_madera.jpg | corazon_madera2.jpg;prefijo corregido
11;Perchas Personalizadas;€15.00;Especial primera comunión, Nuestros peques;1;perchas.jpg;perchas.jpg;
12;Joyero de viaje Corazón;€12.00;Regalos únicos;2;Joyero_de_viaje_Corazon_1.jpg;Joyero_de_viaje_Corazon_1.jpg | Joyero_de_viaje_Corazon_2.jpg;prefijo corregido
13;Joyero de viaje doble;€15.00;Regalos únicos;1;joyero_viaje_doble.jpg;joyero_viaje_doble.jpg;
14;Joyero de viaje;€10.00;Regalos únicos;3;Joyero_de_viaje_1.jpg;Joyero_de_viaje_1.jpg | joyero_viaje_2.jpg | joyero_viaje_3.jpg;
15;Cepillos de madera grabados;€12.00;Pasión por la madera, Detalles con magia;6;cepillos_madera.jpg;cepillos_madera.jpg | Cepillos_de_madera_grabados_1.jpg | Cepillos_de_madera_grabados_2.jpg | cepillos_madera_2.jpg | Cepillos_de_madera_grabados_3.jpg | cepillos_madera_3.jpg;
16;Tabla de Madera para quesos;€12.00;Pasión por la madera, Pasión por el vino, Regalos únicos;1;tablero.jpg;tablero.jpg;
17;Noria blanca;€40.00;Regalos con foto, Especial primera comunión, Nuestros peques;2;noria_blanca_1.jpg;noria_blanca_1.jpg | noria_blanca_2.jpg;
18;Medalleros personalizados;€35.00;Regalos únicos, Nuestros peques;4;medallero_personlizado.jpg;medallero_personlizado.jpg | medallero_personlizado_2.jpg | medallero_personlizado_3.jpg | medallero_personlizado_4.jpg;
19;Caja libro;€35.00;Pasión por la madera, Regalos con foto;5;caja_libro.jpg;caja_libro.jpg | caja_libro_1.jpg | caja_libro_2.jpg | caja_libro_3.jpg | caja_libro_4.jpg;
20;Huchas de Ahorro personalizadas;€25.00;Regalos únicos, Detalles con magia;3;huchas_ahorro_persdonalizado.jpg;huchas_ahorro_persdonalizado.jpg | huchas_ahorro_persdonalizado2.jpg | huchas_ahorro_persdonalizado3.jpg;
21;Caja de madera Somelier;€45.00;Pasión por el vino, Regalos únicos;2;caja_madera_somelier.jpg;caja_madera_somelier.jpg | caja_madera_somelier2.jpg;
22;Abridores de botellas;€6.00;Detalles con magia, Maestros cerveceros;4;abridores_botellas.jpg;abridores_botellas.jpg | abridores_botellas2.jpg | abridores_botellas3.jpg | abridores_botellas4.jpg;
23;Porta alianzas corazón;€30.00;Vivan los novios;2;porta_alianzas_corazon.jpg;porta_alianzas_corazon.jpg | porta_alianzas_corazon2.jpg;
24;Ritual de la Arena;€35.00;Vivan los novios;1;Ritual_Arena.jpg;Ritual_Arena.jpg;
25;Porta Alianzas;€35.00;Vivan los novios, Pasión por la madera;2;Porta_Alianzas.jpg;Porta_Alianzas.jpg | Porta_Alianzas2.jpg;
26;Caja de madera con Cava;€55.00;Somos de cava, Vivan los novios;1;Caja_Madera_Con_Cava.jpg;Caja_Madera_Con_Cava.jpg;
27;Juego de copas de cava para Novios;€35.00;Somos de cava, Vivan los novios;2;Juego_Copas_Cava_Novios.jpg;Juego_Copas_Cava_Novios.jpg | Juego_Copas_Cava_Novios2.jpg;
28;Bodys Bebé;€15.00;Nuestros peques;4;bodys_bebe.jpg;bodys_bebe.jpg | bodys_bebe2.jpg | bodys_bebe3.jpg | bodys_bebe4.jpg;prefijo corregido
29;Azulejo serigrafiado;€30.00;Regalos con foto, Novedades;1;azulejo_serigrafiado.jpg;azulejo_serigrafiado.jpg;
30;Pen Drive;€18.00;Regalos con foto, Novedades, Detalles con magia;4;pen_drive.jpg;pen_drive.jpg | pen_drive2.jpg | pen_drive3.jpg | pen_drive4.jpg;
31;Tabla de madera;€35.00;Pasión por la madera, Pasión por el vino, Maestros cerveceros;3;tabla_de_madera.jpg;tabla_de_madera.jpg | tabla_de_madera2.jpg | tabla_de_madera3.jpg;
32;Petacas personalizadas;€25.00;Regalos únicos;3;petacas_personalizadas.jpg;petacas_personalizadas.jpg | petacas_personalizadas2.jpg | petacas_personalizadas3.jpg;
33;Espinilleras para fútbol;€45.00;Regalos únicos, Nuestros peques;2;espinilleras.jpg;espinilleras.jpg | espinilleras_2.jpg;
34;Álbum de firmas de Scrapbook para Comunión;€60.00;Especial primera comunión;4;album_de_firmas.jpg;album_de_firmas.jpg | album_de_firmas2.jpg | album_de_firmas3.jpg | album_de_firmas4.jpg;
35;Llave Disney;€25.00;Especial primera comunión, Nuestros peques;1;llave_disney.jpg;llave_disney.jpg;
36;Pala para tarta;€25.00;Especial primera comunión;1;pala_tarta.jpg;pala_tarta.jpg;
37;Jarra de Cerveza;€20.00;Maestros cerveceros;3;jarra_cerveza.jpg;jarra_cerveza.jpg | jarra_cerveza2.jpg | jarra_cerveza3.jpg;
38;Caja de copas de vino;€35.00;Pasión por el vino;2;copas_caja_vino.jpg;copas_caja_vino.jpg | copas_cajas_vino2.jpg;prefijo corregido
39;Caja de Vino ( tres huecos);€55.00;Pasión por el vino;3;caja_vino_tres_butacas.jpg;caja_vino_tres_butacas.jpg | caja_vino_tres_butacas2.jpg | caja_vino_tres_butacas3.jpg;
40;Cajas de madera rectangulares;€40.00;Pasión por la madera;6;cajas_madera_rectangular.jpg;cajas_madera_rectangular.jpg | Cajas_de_madera_rectangulares_1.jpg | Cajas_de_madera_rectangulares_2.jpg | cajas_madera_rectangular2.jpg | Cajas_de_madera_rectangulares_3.jpg | cajas_madera_rectangular3.jpg;
41;Cajas cuadradas de madera;€40.00;Pasión por la madera;4;cajas_cuadradas_madera.jpg;cajas_cuadradas_madera.jpg | cajas_cuadradas_madera2.jpg | cajas_cuadradas_madera3.jpg | cajas_cuadradas_madera4.jpg;
42;Caja de cartas personalizadas;€15.00;Pasión por la madera, Detalles con magia;6;cajas_cartas_madera.jpg;cajas_cartas_madera.jpg | Caja_de_cartas_personalizadas_1.jpg | Caja_de_cartas_personalizadas_2.jpg | cajas_cartas_madera2.jpg | Caja_de_cartas_personalizadas_3.jpg | cajas_cartas_madera3.jpg;
43;Cojines personalizados;€18.00;Regalos con foto;4;Cojines_personalizables.jpg;Cojines_personalizables.jpg | Cojines_personalizables2.jpg | Cojines_personalizables3.jpg | Cojines_personalizables4.jpg;
44;Carteras personalizadas para Hombre;€20.00;Regalos con foto;6;carteras_personalizadas.jpg;carteras_personalizadas.jpg | Carteras_personalizadas_para_Hombre_1.jpg | carteras_personalizadas2.jpg | Carteras_personalizadas_para_Hombre_2.jpg | carteras_personalizadas3.jpg | Carteras_personalizadas_para_Hombre_3.jpg;
45;Números de madera para cumpleaños;€15.00;Detalles con magia, Pasión por la madera;4;numero_madera.jpg;numero_madera.jpg | numero_madera2.jpg | numero_madera3.jpg | Numeros_de_madera_para_cumpleanos_3.jpg;
46;Monederos Personalizados para Mujer;€25.00;Regalos con foto;2;Monederos_Personalizados_para_Mujer_1.jpg;Monederos_Personalizados_para_Mujer_1.jpg | Monederos_Personalizados_para_Mujer_2.jpg;
